,features
0,00
1,01
2,02
3,09
4,10
5,100
6,1000
7,10000
8,1001
9,1002
10,1003
11,1004
12,1005
13,1006
14,1006598569
15,1007
16,1008
17,1009
18,100k
19,1010
20,1010206
21,1011
22,1012
23,1013
24,1014
25,1015
26,1016
27,1017
28,1018
29,1019
30,1020
31,10205
32,1021
33,1022
34,1023
35,1024
36,1025
37,1026
38,1027
39,1028
40,102835361
41,1029
42,1030
43,1031
44,1032
45,1033
46,1034
47,1035
48,1036
49,1037
50,1038
51,1039
52,1040
53,1040301
54,1041
55,1042
56,1043
57,1044
58,1045
59,1046
60,1047
61,1048
62,1049
63,1050
64,10501
65,10506
66,1051
67,1052
68,108013221
69,10k
70,11
71,111
72,115961116
73,12
74,120
75,12114424
76,13
77,130731
78,1314
79,1314720300
80,14
81,14117211
82,15
83,150
84,1500
85,1522218040
86,1537890237
87,1548483706
88,16
89,1638011920
90,1668175451
91,1690538280
92,1691032370
93,1699164385
94,17
95,17117669
96,178146
97,18
98,180
99,19
100,1948607884
101,197524099
102,1k
103,1w
104,20
105,200
106,2000
107,20405
108,20k
109,21
110,22
111,222881
112,23
113,24
114,25
115,2548862
116,25元
117,26
118,26104860
119,27
120,275869
121,278398
122,278951
123,279206
124,279220
125,28
126,28751829
127,29
128,2k
129,30
130,300
131,3000
132,300元
133,3020405
134,30304
135,32
136,32835965
137,329694556
138,33
139,35963340
140,36601323
141,40
142,400
143,405
144,43186606
145,442247916
146,44264767
147,444528545
148,49048588
149,50
150,500
151,5020503
152,50304
153,50元
154,520
155,52475977
156,52499248
157,55
158,55976811
159,56416825
160,60
161,600
162,61411483
163,65
164,66
165,666
166,671776986
167,679015190
168,680796187
169,6r
170,6块
171,70
172,703765783
173,736025505
174,74066906
175,741140707
176,75679672
177,80
178,800
179,80069949
180,8537458
181,85447811
182,862738428
183,88
184,88291371
185,8888
186,90
187,98
188,98703725
189,99
190,994
191,995
192,996
193,9969738
194,997
195,998
196,999
197,9999
198,__
199,bad
200,bb
201,bi
202,bob
203,can
204,chu
205,cp
206,dd
207,emmm
208,emo
209,en
210,fw
211,gou
212,gun
213,hao
214,hello
215,hh
216,hhh
217,hhhh
218,hi
219,id
220,ld
221,ls
222,ma
223,md
224,mua
225,mvp
226,nb
227,no
228,nt
229,ok
230,okk
231,okok
232,qaq
233,qq
234,qq2676249257
235,sb
236,sha
237,show
238,si
239,sorry
240,tm
241,tt
242,vx
243,wan
244,wc
245,wx
246,xxs
247,yz
248,一万
249,一个个
250,一个月
251,一人
252,一会
253,一会儿
254,一共
255,一关
256,一分钟
257,一千
258,一千多
259,一半
260,一卡
261,一句
262,一块
263,一堆
264,一声
265,一天天
266,一局
267,一年
268,一张
269,一批
270,一把
271,一条
272,一步
273,一段时间
274,一点
275,一点点
276,一百
277,一看
278,一秒
279,一级
280,一组
281,一群
282,一脚
283,一辈子
284,一顿
285,一颗
286,七月
287,七点
288,万金
289,三万
290,三个
291,三塔
292,三天
293,三指
294,三角
295,上不去
296,上个
297,上个月
298,上分
299,上午
300,上号
301,上头
302,上学
303,上次
304,上海
305,上班
306,上线
307,上课
308,上车
309,下个
310,下个月
311,下午
312,下次
313,下班
314,下线
315,下课
316,不上
317,不买
318,不了
319,不互
320,不介意
321,不会
322,不会玩
323,不住
324,不信
325,不值
326,不值钱
327,不像
328,不充
329,不先
330,不准
331,不出
332,不删
333,不到
334,不加
335,不动
336,不卖
337,不卡
338,不去
339,不发
340,不可以
341,不吃
342,不合
343,不同
344,不回
345,不困
346,不在乎
347,不坑
348,不处
349,不够
350,不太
351,不太会
352,不太好
353,不好
354,不好意思
355,不好玩
356,不如
357,不对劲
358,不少
359,不差
360,不带
361,不开
362,不得
363,不怎么
364,不怕
365,不怪
366,不想
367,不掉
368,不敢
369,不方便
370,不早了
371,不是
372,不是故意
373,不来
374,不求
375,不活
376,不浪
377,不然
378,不爱
379,不玩
380,不理
381,不用
382,不留
383,不看
384,不算
385,不管
386,不给
387,不能
388,不至于
389,不菜
390,不行
391,不要
392,不要了
393,不见
394,不让
395,不许
396,不该
397,不说
398,不起
399,不过
400,不进
401,不连麦
402,不送
403,不配
404,不错
405,不骗
406,专业
407,世界
408,东亚
409,东北
410,东西
411,丢人
412,两个
413,两分钟
414,两千
415,两天
416,两局
417,两年
418,两把
419,两次
420,两点
421,两组
422,两队
423,两颗
424,严重
425,个头
426,丫丫
427,中午
428,丹鹤
429,为啥
430,主动
431,主播
432,主页
433,举报
434,么么哒
435,乖乖
436,九点
437,习惯
438,买个
439,乱打
440,事儿
441,事情
442,二塔
443,二级
444,二队
445,亏了
446,互不
447,互个
448,互关
449,互刷
450,互取
451,互小
452,互挂
453,互点
454,互礼
455,互送
456,互金盔
457,五个
458,五分钟
459,交个
460,交叉
461,交旋
462,交易
463,亲亲
464,人互
465,人多
466,人太多
467,人头
468,人才
469,人机
470,人气
471,人满
472,人送
473,人送取
474,什么意思
475,什么鬼
476,今晚
477,介意
478,介绍
479,从来不
480,他俩
481,付款
482,仙灵
483,价值
484,价格
485,任你选
486,任务
487,休息
488,优先
489,优秀
490,伙伴
491,会儿
492,会发
493,会合
494,会员
495,会玩来
496,会玩进
497,会花
498,伤害
499,伤心
500,估计
501,位置
502,低至
503,低调
504,体验
505,你别
506,你加
507,你在哪
508,你好
509,你家
510,你老
511,佳素
512,佳酿
513,侧涨
514,便宜
515,保存
516,保护
517,保段
518,保证
519,信号
520,信誉
521,俩个
522,倒数
523,值价
524,值得
525,倾城
526,做个
527,做事
528,做梦
529,做饭
530,偷偷
531,傻子
532,傻狗
533,傻瓜
534,像框
535,儿子
536,允许
537,元租
538,兄弟
539,充了
540,充值
541,充电
542,充钱
543,先下
544,先互
545,先到
546,先刷
547,先加
548,先开
549,先得
550,先忙
551,先打
552,先玩
553,先给
554,先送
555,光环
556,免费
557,免费送
558,兑换
559,全图
560,全是
561,全给
562,全网
563,八点
564,八级
565,公举
566,公司
567,关机
568,关注
569,关系
570,关键
571,关键词
572,兴趣
573,其他人
574,内吐
575,再也
576,再来
577,再来一局
578,再见
579,写作业
580,军团
581,冲冲
582,准备
583,凌晨
584,几万
585,几个
586,几分钟
587,几天
588,几局
589,几岁
590,几年
591,几次
592,几点
593,几百
594,出不出
595,出二塔牌
596,出汗
597,出门
598,分享
599,分开
600,分手
601,分身
602,分钟
603,列表
604,刚刚
605,刚回来
606,刚玩
607,初中
608,删了
609,别带
610,别开
611,别急
612,别拉
613,别来
614,别浪
615,别点
616,别理
617,别生气
618,别看
619,别着急
620,别跟我
621,别进
622,别送
623,别骂
624,到时候
625,刷个
626,刷刷
627,刷点
628,刺激
629,前任
630,前天
631,前期
632,剩下
633,办法
634,加上
635,加个
636,加入
637,加微
638,加微信
639,加油
640,加班
641,努力
642,勉强
643,勿扰
644,包子
645,北方
646,匹配
647,医院
648,十万
649,十个
650,十二点
651,十六分
652,十分钟
653,升段
654,升级
655,午休
656,午安
657,半个
658,半夜
659,半天
660,半小时
661,单人
662,单刷
663,单子
664,单排
665,单身
666,单逃
667,卖此
668,南瓜
669,卡奥斯
670,卡死
671,卡死了
672,卡点
673,印象
674,危机
675,卸载
676,厉害
677,压力
678,厕所
679,原因
680,原地
681,原谅
682,双亲
683,双人
684,双冠
685,双冠模式
686,双刷
687,双排
688,双管
689,双逃
690,双逃加
691,反杀
692,反正
693,发个
694,发了
695,发来
696,发消息
697,发现
698,发生
699,发给
700,发给你
701,发育
702,发过来
703,发错
704,叔叔
705,取关
706,变菜
707,只会
708,只能
709,叭叭
710,可不
711,可不可以
712,可不是
713,可乐
714,可互
715,可互礼
716,可出
717,可怜
718,可恶
719,可惜
720,可爱
721,号主
722,吃个
723,吃完饭
724,吃掉
725,吃醋
726,吃饭
727,吃饱
728,合作
729,合成
730,合球
731,合适
732,同学
733,同意
734,同步
735,名字
736,后悔
737,后期
738,吐球
739,吓死
740,吞噬
741,听不懂
742,听不见
743,听你
744,听到
745,听听
746,听懂
747,听我
748,听歌
749,听见
750,听话
751,听说
752,吵架
753,吹牛
754,告诉
755,呜呜
756,周末
757,周榜
758,咋办
759,咋啦
760,咋整
761,咋样
762,咋玩
763,和平
764,咱俩
765,咳咳
766,哈哈哈
767,哈哈哈哈
768,哑巴
769,哥们
770,哥哥
771,哦哦哦
772,哪有
773,哪来
774,哼哼
775,唧唧
776,唯一
777,啊啊啊
778,啥事
779,啥子
780,啥意思
781,啥时候
782,啧啧
783,喜欢
784,喜欢你
785,喜鹊
786,喝多
787,喝酒
788,喵喵
789,嗷嗷
790,嘴巴
791,嘻嘻
792,嘿嘿嘿
793,四个
794,四分
795,四川
796,回个
797,回事
798,回关
799,回去
800,回复
801,回家
802,回归
803,回来
804,回游
805,回礼
806,回答
807,团子
808,团战
809,团里
810,团长
811,团队
812,困了
813,困死
814,固定
815,土狗
816,圣衣
817,在乎
818,在家
819,在意
820,在线
821,地址
822,地方
823,块钱
824,塔坦
825,墨迹
826,声音
827,处不处
828,备注
829,复制
830,复活
831,复活卡
832,外卖
833,外面
834,多个
835,多久
836,多人
837,多大
838,多好
839,多少级
840,多级
841,夜宵
842,夜班
843,大件
844,大佬
845,大叔
846,大号
847,大哥
848,大奖
849,大奖赛
850,大姐
851,大学
852,大家庭
853,大小
854,大球
855,大病
856,大白菜
857,大神
858,大逃杀
859,太久
860,太冷
861,太卡
862,太吵
863,太坑
864,太多
865,太大
866,太小
867,太差
868,太快
869,太惨
870,太慢
871,太晚
872,太浪
873,太累
874,太菜
875,太难
876,失望
877,失误
878,头像
879,头发
880,头条
881,头疼
882,头盔
883,奇妙
884,奇怪
885,奔现
886,奖励
887,奖杯
888,女孩
889,女孩子
890,女朋友
891,女生
892,奶茶
893,好不好
894,好不容易
895,好久
896,好久不见
897,好久没
898,好了吗
899,好了没
900,好人
901,好像
902,好几个
903,好几年
904,好勒
905,好卡
906,好友
907,好叭
908,好吃
909,好听
910,好困
911,好处
912,好多
913,好奇
914,好好
915,好好学习
916,好家伙
917,好惨
918,好意思
919,好朋友
920,好气
921,好滴
922,好点
923,好烦
924,好玩
925,好看
926,好菜
927,好评
928,好难
929,妈妈
930,妹妹
931,妹子
932,姐妹
933,姐姐
934,委屈
935,娱乐
936,媳妇
937,嫌弃
938,孢子
939,学习
940,学会
941,学校
942,学生
943,孩子
944,安全
945,安安
946,安徽
947,安排
948,安稳
949,安静
950,完事
951,宝子
952,宝宝
953,宝箱
954,宝贝
955,实力
956,实在
957,实话
958,宠物
959,客气
960,室友
961,宫廷
962,害怕
963,害羞
964,家里
965,宿舍
966,寂寞
967,密码
968,富婆
969,寝室
970,对不起
971,对象
972,寻找
973,封号
974,小事
975,小件
976,小冬
977,小可爱
978,小号
979,小妹妹
980,小姐姐
981,小学生
982,小孩
983,小孩子
984,小屁孩
985,小弟
986,小心
987,小恶魔
988,小时
989,小星星
990,小朋友
991,小爱心
992,小球
993,小老弟
994,小菜
995,小队
996,小鸟
997,就别进
998,就行
999,就行了
1000,尴尬
1001,屏幕
1002,屏蔽
1003,山东
1004,巅峰
1005,巅峰团战
1006,工作
1007,工资
1008,左下
1009,巧克力
1010,巨星
1011,巨行星
1012,差点
1013,帅哥
1014,师傅
1015,希望
1016,带上
1017,带个
1018,带带
1019,带点
1020,带脑
1021,带过
1022,带飞
1023,帮忙
1024,干什么
1025,干净
1026,干哈
1027,干啥
1028,干嘛
1029,干活
1030,干饭
1031,平台
1032,平常
1033,平时
1034,年卡
1035,年卡会员
1036,年纪
1037,年轻
1038,年龄
1039,幼稚
1040,广东
1041,广告
1042,床上
1043,废话
1044,延迟
1045,开不开
1046,开个
1047,开会
1048,开右
1049,开咯
1050,开嘛
1051,开局
1052,开开
1053,开心
1054,开玩笑
1055,开车
1056,开麦
1057,开黑
1058,弓箭
1059,弟弟
1060,录音
1061,彩豆
1062,影响
1063,待会
1064,很久没
1065,很多遍
1066,很大
1067,很快
1068,很烦
1069,很菜
1070,很难
1071,徒弟
1072,得来
1073,微信
1074,微信发
1075,心态
1076,心思
1077,心情
1078,心疼
1079,心累
1080,忘了
1081,忘记
1082,快上车
1083,快乐
1084,快去
1085,快开
1086,快快
1087,快手
1088,快来
1089,快活
1090,快点
1091,快睡吧
1092,怀疑
1093,态度
1094,怎么回事
1095,怎么弄
1096,怎么玩
1097,怕了
1098,总榜
1099,恋爱
1100,恭喜
1101,恶心
1102,情况
1103,想互
1104,想到
1105,想想
1106,想法
1107,想着
1108,想要
1109,想起
1110,想过
1111,意义
1112,意外
1113,意识
1114,感冒
1115,感动
1116,感情
1117,感觉
1118,感谢
1119,慢慢
1120,慢慢来
1121,慢点
1122,憨憨
1123,懂吗
1124,懂得
1125,懒得
1126,成功
1127,成年
1128,我下
1129,我互
1130,我会
1131,我俩
1132,我先
1133,我出
1134,我刚
1135,我刷
1136,我加
1137,我卡
1138,我发
1139,我合
1140,我困
1141,我大号
1142,我太坑
1143,我太菜
1144,我妈
1145,我姐
1146,我家
1147,我差
1148,我带
1149,我开
1150,我弟
1151,我怕
1152,我想
1153,我手
1154,我换
1155,我换个
1156,我整
1157,我服
1158,我来
1159,我来了
1160,我点
1161,我爱你
1162,我特
1163,我球
1164,我用
1165,我留
1166,我网
1167,我能
1168,我菜
1169,我要
1170,我走了
1171,我进
1172,我错了
1173,战队
1174,截图
1175,房主
1176,房名
1177,房间
1178,扇子
1179,手上
1180,手冷
1181,手感
1182,手机
1183,手滑
1184,手速
1185,才能
1186,打不动
1187,打不来
1188,打不赢
1189,打个
1190,打人
1191,打会
1192,打到
1193,打单
1194,打发
1195,打嘛
1196,打团
1197,打多
1198,打字
1199,打开
1200,打得
1201,打打
1202,打扰
1203,打架
1204,打死
1205,打法
1206,打游戏
1207,打猎
1208,打球
1209,打电话
1210,打的好
1211,打着
1212,打算
1213,打花
1214,打过
1215,打野
1216,打麻将
1217,扣扣
1218,找个
1219,找人
1220,找到
1221,找头
1222,找对象
1223,承认
1224,技巧
1225,技术
1226,把握
1227,抓紧
1228,抓紧时间
1229,抖音
1230,抛弃
1231,抢球
1232,抱抱
1233,抱歉
1234,抽人
1235,抽到
1236,抽取
1237,抽根烟
1238,抽烟
1239,抽送
1240,担心
1241,拉个
1242,拉人
1243,拉倒
1244,拉黑
1245,拒废
1246,拒绝
1247,拒菜
1248,拜托
1249,拜拜
1250,拿个
1251,拿捏
1252,挂机
1253,指挥
1254,挨骂
1255,捕幼
1256,换个
1257,换钱
1258,掉线
1259,排名
1260,排队
1261,接受
1262,接球
1263,接电话
1264,控制
1265,推刺
1266,推荐
1267,提前
1268,提拉
1269,搜索
1270,搞不懂
1271,搞笑
1272,搬砖
1273,搭理
1274,摆设
1275,摇杆
1276,摸鱼
1277,播送
1278,支付宝
1279,支持
1280,收个
1281,收到
1282,收拾
1283,改个
1284,改了
1285,改名
1286,改名字
1287,改天
1288,改成
1289,放弃
1290,放心
1291,教室
1292,敬请期待
1293,数字
1294,数据
1295,文明
1296,新塔
1297,方向
1298,方式
1299,旁边
1300,旋转
1301,无所谓
1302,无聊
1303,无语
1304,早上
1305,早上好
1306,早安
1307,早就
1308,早点
1309,早睡
1310,早起
1311,早餐
1312,时刻
1313,时间
1314,明天
1315,明年
1316,明明
1317,明晚
1318,明白
1319,星星
1320,星期
1321,昨天
1322,昨天晚上
1323,昨晚
1324,是因为
1325,显示
1326,晓得
1327,晚一点
1328,晚上
1329,晚好
1330,晚安
1331,晚点
1332,晚自习
1333,晦气
1334,暂时
1335,暖心
1336,更好
1337,更新
1338,最新
1339,月底
1340,有个
1341,有事
1342,有事吗
1343,有人
1344,有哈
1345,有大
1346,有头
1347,有意思
1348,有意识
1349,有时候
1350,有毒
1351,有没有
1352,有病
1353,有空
1354,有缘
1355,有钱
1356,有问题
1357,有麦
1358,朋友
1359,朝阳
1360,木有
1361,未成年
1362,未来
1363,本事
1364,本来
1365,机会
1366,机甲
1367,权限
1368,材料
1369,来个
1370,来会
1371,来呀
1372,来哈
1373,来来来
1374,杭州
1375,极品
1376,极速
1377,果实
1378,柚子
1379,样子
1380,棒棒糖
1381,模式
1382,欧克
1383,欺负
1384,歇会
1385,正好
1386,正常
1387,正常人
1388,段位
1389,段时间
1390,母亲
1391,母体
1392,母球
1393,每次
1394,比例
1395,比比
1396,比赛
1397,毕业
1398,毛病
1399,毛线
1400,气死
1401,气死我
1402,气死我了
1403,氪金
1404,水滴
1405,永久
1406,永远
1407,求带
1408,求求
1409,江苏
1410,江西
1411,沙雕
1412,沟通
1413,没上
1414,没事
1415,没事儿
1416,没人
1417,没什么
1418,没关系
1419,没内
1420,没出
1421,没到
1422,没加
1423,没劲
1424,没合
1425,没回
1426,没多久
1427,没带
1428,没开
1429,没得
1430,没想
1431,没想到
1432,没意思
1433,没收
1434,没有
1435,没来
1436,没法
1437,没点
1438,没玩
1439,没玩过
1440,没球
1441,没理
1442,没用
1443,没电
1444,没看
1445,没空
1446,没脑子
1447,没见
1448,没说
1449,没进
1450,没钱
1451,没错
1452,没问题
1453,河北
1454,河南
1455,注册
1456,注意
1457,洗个
1458,洗完
1459,洗洗
1460,洗漱
1461,洗澡
1462,洛洛
1463,洞天
1464,活动
1465,活跃
1466,派对
1467,流量
1468,测张
1469,测涨
1470,浙江
1471,浪费
1472,浪费时间
1473,海王
1474,海盗船
1475,消失
1476,消息
1477,消费
1478,淘沙
1479,渣渣
1480,温柔
1481,游艇
1482,湖北
1483,湖南
1484,满拍
1485,满级
1486,滴滴
1487,漂亮
1488,激动
1489,火箭
1490,火速
1491,炫光
1492,点个
1493,点多
1494,点点
1495,点赞
1496,点错
1497,烦人
1498,烦死
1499,烧杯
1500,热水
1501,照片
1502,照顾
1503,熬夜
1504,燕灭
1505,爆率
1506,爬塔
1507,爱心
1508,爱情
1509,爱玩
1510,父母
1511,爸爸
1512,牌子
1513,牌牌
1514,牛哇
1515,牛马
1516,特别
1517,特惠
1518,状态
1519,犹豫
1520,狍子
1521,狗东西
1522,狗叫
1523,狙人
1524,狙击
1525,猎魔
1526,猪猪
1527,玉牌
1528,王国
1529,王国里
1530,王权
1531,王者
1532,玩不了
1533,玩个
1534,玩会
1535,玩儿
1536,玩去
1537,玩号
1538,玩吧
1539,玩哈
1540,玩嘛
1541,玩团
1542,玩家
1543,玩得
1544,玩意儿
1545,玩游戏
1546,玩玩
1547,玩球
1548,玩腻
1549,玩过
1550,玫瑰
1551,玫瑰花
1552,现实
1553,现金
1554,球商
1555,球球
1556,球球号
1557,球球大作战
1558,理由
1559,理解
1560,生存
1561,生气
1562,生活
1563,电脑
1564,电话
1565,男人
1566,男孩
1567,男孩子
1568,男朋友
1569,男生
1570,留个
1571,留着
1572,留言
1573,留言板
1574,略略
1575,疫情
1576,登录
1577,登顶
1578,白天
1579,白菜
1580,百分百
1581,皮皮
1582,皮肤
1583,盲打
1584,直播
1585,看不出来
1586,看不到
1587,看不懂
1588,看不清
1589,看不见
1590,看不起
1591,看中
1592,看吧
1593,看清
1594,看清楚
1595,看电视
1596,看着
1597,看过
1598,看错
1599,真不错
1600,真别
1601,真实
1602,真心
1603,真无语
1604,真服了
1605,真棒
1606,真牛
1607,真的假
1608,真菜
1609,眼熟
1610,眼睛
1611,着急
1612,睡不着
1613,睡会
1614,睡着
1615,睡觉
1616,睡觉觉
1617,睡醒
1618,石中剑
1619,破晓
1620,确实
1621,碎片
1622,碎觉
1623,碰到
1624,磨叽
1625,磨磨
1626,礼包
1627,礼取
1628,礼物
1629,礼盒
1630,礼貌
1631,社会
1632,神殿
1633,福利
1634,福建
1635,福袋
1636,离开
1637,离线
1638,离谱
1639,私信
1640,私聊
1641,科技
1642,积分
1643,稀罕
1644,稍微
1645,稳团
1646,稳定
1647,稳来
1648,稳点
1649,稳稳
1650,窑子
1651,笑脸
1652,符号
1653,第一
1654,第一个
1655,第一名
1656,第一把
1657,第一次
1658,第三
1659,第二
1660,第二个
1661,等会儿
1662,等值
1663,等级
1664,答应
1665,签名
1666,简单
1667,算了
1668,算了吧
1669,算了算
1670,算是
1671,箱子
1672,米苏
1673,粉丝
1674,粘人
1675,精彩
1676,精神
1677,精英
1678,糖果
1679,素质
1680,紧张
1681,累死
1682,红包
1683,红牌
1684,练习
1685,练练
1686,组队
1687,细节
1688,终于
1689,经验
1690,绑定
1691,结婚
1692,结束
1693,结束位
1694,绕道
1695,给你个
1696,给我发
1697,给钱
1698,绝恋
1699,网上
1700,网卡
1701,网恋
1702,网络
1703,置顶
1704,美化
1705,美女
1706,羡慕
1707,群里
1708,翻盘
1709,老公
1710,老哥
1711,老大
1712,老婆
1713,老师
1714,老弟
1715,老板
1716,老玩家
1717,老铁
1718,考试
1719,耳机
1720,聊天
1721,聊天记录
1722,联盟
1723,联系
1724,聪明
1725,肚子
1726,肯定
1727,胖子
1728,能不能
1729,能带
1730,能连麦
1731,脑子
1732,脑袋
1733,脾气
1734,脾气好
1735,自信
1736,自定义
1737,自己
1738,自带
1739,自建
1740,自建房
1741,自然
1742,自由
1743,自知之明
1744,自闭
1745,臭宝
1746,至少
1747,舍不得
1748,舍友
1749,舍得
1750,舒服
1751,航线
1752,良人
1753,节奏
1754,节奏快
1755,花式
1756,花花
1757,花逃
1758,花里胡哨
1759,花钱
1760,英雄
1761,苹果
1762,草拟
1763,荣耀
1764,莫名其妙
1765,菜狗
1766,菜菜
1767,菜豆
1768,菜鸟
1769,萌新
1770,萍宝
1771,蓝莓杯
1772,蘑菇
1773,行不行
1774,衣服
1775,补充
1776,补墙
1777,补球
1778,补给
1779,表情
1780,表面
1781,被窝
1782,西瓜
1783,要互
1784,要会
1785,要死
1786,见面
1787,观战
1788,视野
1789,视频
1790,解封
1791,解释
1792,解锁
1793,讨厌
1794,记住
1795,记录
1796,记得
1797,讲话
1798,许愿池
1799,许愿瓶
1800,设置
1801,访客
1802,访问
1803,证据
1804,证明
1805,试一下
1806,试试
1807,诚信
1808,诚心
1809,诚意
1810,语音
1811,说句话
1812,说好
1813,说实话
1814,说话
1815,说错
1816,请问
1817,读书
1818,谈恋爱
1819,谢谢
1820,豆子
1821,贡献
1822,费劲
1823,赚钱
1824,赛季
1825,赠送
1826,走塔
1827,赶紧
1828,起床
1829,起源
1830,超大
1831,超大钥匙
1832,超神
1833,超级
1834,超级火箭
1835,超过
1836,越来越
1837,跑车
1838,距离
1839,跟不上
1840,跟班
1841,跟着
1842,踏球
1843,踩球
1844,身上
1845,身体
1846,身边
1847,车上
1848,轩辕
1849,软件
1850,辅助
1851,辛苦
1852,过分
1853,过年
1854,运气
1855,还会
1856,还好
1857,还来
1858,还给
1859,还行
1860,这么久
1861,这么晚
1862,这会
1863,这句
1864,这号
1865,这是
1866,这有
1867,这话
1868,进不去
1869,进团
1870,进群
1871,进麦
1872,远点
1873,连续
1874,连麦
1875,迷糊
1876,迷雾
1877,追着
1878,退出
1879,退游
1880,送个
1881,送到
1882,送头
1883,送年
1884,送暖
1885,送点
1886,送玉牌
1887,送球
1888,送留
1889,送礼
1890,送礼物
1891,送给
1892,适合
1893,逃加
1894,逃杀
1895,选手
1896,选择
1897,逗我
1898,通宵
1899,速度
1900,速来
1901,遇见
1902,道具
1903,道歉
1904,道理
1905,避雷
1906,邀请
1907,那人
1908,那会
1909,那天
1910,那好
1911,那就好
1912,那就算了
1913,那有
1914,那来
1915,那波
1916,那种
1917,那行
1918,邮箱
1919,都行
1920,都还没
1921,配合
1922,酒吧
1923,重庆
1924,金盔
1925,金箍棒
1926,金蘑菇
1927,金雀
1928,钢琴
1929,钥匙
1930,铁匠铺
1931,铁子
1932,铁汁
1933,错过
1934,锤子
1935,锦鲤
1936,长得
1937,长期
1938,长沙
1939,门票
1940,闪退
1941,闭嘴
1942,闭麦
1943,问价
1944,问问
1945,问题
1946,闺蜜
1947,队伍
1948,队友
1949,阿姨
1950,阿巴
1951,阿雪
1952,陕西
1953,陪伴
1954,陪你玩
1955,陪我玩
1956,随便
1957,随意
1958,随机
1959,随缘
1960,随随便便
1961,难受
1962,难搞
1963,难过
1964,雕像
1965,需不需要
1966,靓仔
1967,非主流
1968,非要
1969,面前
1970,面子
1971,鞋子
1972,音响
1973,顶点
1974,预算
1975,领导
1976,领袖
1977,颜色
1978,飞机
1979,飞舞
1980,马上开
1981,驯龙团
1982,骂人
1983,骑士团
1984,骗人
1985,骗子
1986,骗球
1987,骗过
1988,高中
1989,高冷
1990,高手
1991,魅力
1992,魅力值
1993,魔法
1994,魔王
1995,麻烦
1996,黑名单
1997,黑洞
1998,默契
1999,龙团
